productkey,productsubcategorykey,productsku,productname,modelname,productdescription,productcolor,productsize,productstyle,productcost,productprice,total_revenue,total_units,total_profit,unique_customers,first_sale,last_sale,sales_days,profit_margin,avg_order_value,days_active,sales_velocity,product_cluster,product_segment
218,23,SO-B909-M,"Mountain Bike Socks, M",Mountain Bike Socks,Combination of natural and synthetic fibers stays dry and provides just the right cushioning.,White,M,U,3.3963,9.5,0.0,0.0,0.0,0.0,,,,0.0,0.0,,,0,High_Performance_Bestsellers
219,23,SO-B909-L,"Mountain Bike Socks, L",Mountain Bike Socks,Combination of natural and synthetic fibers stays dry and provides just the right cushioning.,White,L,U,3.3963,9.5,0.0,0.0,0.0,0.0,,,,0.0,0.0,,,0,High_Performance_Bestsellers
238,14,FR-R92R-62,"HL Road Frame - Red, 62",HL Road Frame,Our lightest and best quality aluminum frame made from the newest alloy; it is welded and heat-treated for strength. Our innovative design results in maximum comfort and performance.,Red,62,U,747.9682,1263.4598,0.0,0.0,0.0,0.0,,,,0.0,0.0,,,0,High_Performance_Bestsellers
241,14,FR-R92R-44,"HL Road Frame - Red, 44",HL Road Frame,Our lightest and best quality aluminum frame made from the newest alloy; it is welded and heat-treated for strength. Our innovative design results in maximum comfort and performance.,Red,44,U,747.9682,1263.4598,0.0,0.0,0.0,0.0,,,,0.0,0.0,,,0,High_Performance_Bestsellers
244,14,FR-R92R-48,"HL Road Frame - Red, 48",HL Road Frame,Our lightest and best quality aluminum frame made from the newest alloy; it is welded and heat-treated for strength. Our innovative design results in maximum comfort and performance.,Red,48,U,747.9682,1263.4598,0.0,0.0,0.0,0.0,,,,0.0,0.0,,,0,High_Performance_Bestsellers
247,14,FR-R92R-52,"HL Road Frame - Red, 52",HL Road Frame,Our lightest and best quality aluminum frame made from the newest alloy; it is welded and heat-treated for strength. Our innovative design results in maximum comfort and performance.,Red,52,U,747.9682,1263.4598,0.0,0.0,0.0,0.0,,,,0.0,0.0,,,0,High_Performance_Bestsellers
250,14,FR-R92R-56,"HL Road Frame - Red, 56",HL Road Frame,Our lightest and best quality aluminum frame made from the newest alloy; it is welded and heat-treated for strength. Our innovative design results in maximum comfort and performance.,Red,56,U,747.9682,1263.4598,0.0,0.0,0.0,0.0,,,,0.0,0.0,,,0,High_Performance_Bestsellers
253,14,FR-R38B-58,"LL Road Frame - Black, 58",LL Road Frame,"The LL Frame provides a safe comfortable ride, while offering superior bump absorption in a value-priced aluminum frame.",Black,58,U,176.1997,297.6346,0.0,0.0,0.0,0.0,,,,0.0,0.0,,,0,High_Performance_Bestsellers
256,14,FR-R38B-60,"LL Road Frame - Black, 60",LL Road Frame,"The LL Frame provides a safe comfortable ride, while offering superior bump absorption in a value-priced aluminum frame.",Black,60,U,176.1997,297.6346,0.0,0.0,0.0,0.0,,,,0.0,0.0,,,0,High_Performance_Bestsellers
259,14,FR-R38B-62,"LL Road Frame - Black, 62",LL Road Frame,"The LL Frame provides a safe comfortable ride, while offering superior bump absorption in a value-priced aluminum frame.",Black,62,U,176.1997,297.6346,0.0,0.0,0.0,0.0,,,,0.0,0.0,,,0,High_Performance_Bestsellers
262,14,FR-R38R-44,"LL Road Frame - Red, 44",LL Road Frame,"The LL Frame provides a safe comfortable ride, while offering superior bump absorption in a value-priced aluminum frame.",Red,44,U,181.4857,306.5636,0.0,0.0,0.0,0.0,,,,0.0,0.0,,,0,High_Performance_Bestsellers
264,14,FR-R38R-48,"LL Road Frame - Red, 48",LL Road Frame,"The LL Frame provides a safe comfortable ride, while offering superior bump absorption in a value-priced aluminum frame.",Red,48,U,181.4857,306.5636,0.0,0.0,0.0,0.0,,,,0.0,0.0,,,0,High_Performance_Bestsellers
266,14,FR-R38R-52,"LL Road Frame - Red, 52",LL Road Frame,"The LL Frame provides a safe comfortable ride, while offering superior bump absorption in a value-priced aluminum frame.",Red,52,U,181.4857,306.5636,0.0,0.0,0.0,0.0,,,,0.0,0.0,,,0,High_Performance_Bestsellers
268,14,FR-R38R-58,"LL Road Frame - Red, 58",LL Road Frame,"The LL Frame provides a safe comfortable ride, while offering superior bump absorption in a value-priced aluminum frame.",Red,58,U,181.4857,306.5636,0.0,0.0,0.0,0.0,,,,0.0,0.0,,,0,High_Performance_Bestsellers
270,14,FR-R38R-60,"LL Road Frame - Red, 60",LL Road Frame,"The LL Frame provides a safe comfortable ride, while offering superior bump absorption in a value-priced aluminum frame.",Red,60,U,181.4857,306.5636,0.0,0.0,0.0,0.0,,,,0.0,0.0,,,0,High_Performance_Bestsellers
272,14,FR-R38R-62,"LL Road Frame - Red, 62",LL Road Frame,"The LL Frame provides a safe comfortable ride, while offering superior bump absorption in a value-priced aluminum frame.",Red,62,U,181.4857,306.5636,0.0,0.0,0.0,0.0,,,,0.0,0.0,,,0,High_Performance_Bestsellers
274,14,FR-R72R-44,"ML Road Frame - Red, 44",ML Road Frame,"Made from the same aluminum alloy as our top-of-the line HL frame, the ML features a lightweight down-tube milled to the perfect diameter for optimal strength. Men's version.",Red,44,U,352.1394,594.83,0.0,0.0,0.0,0.0,,,,0.0,0.0,,,0,High_Performance_Bestsellers
275,14,FR-R72R-48,"ML Road Frame - Red, 48",ML Road Frame,"Made from the same aluminum alloy as our top-of-the line HL frame, the ML features a lightweight down-tube milled to the perfect diameter for optimal strength. Men's version.",Red,48,U,352.1394,594.83,0.0,0.0,0.0,0.0,,,,0.0,0.0,,,0,High_Performance_Bestsellers
276,14,FR-R72R-52,"ML Road Frame - Red, 52",ML Road Frame,"Made from the same aluminum alloy as our top-of-the line HL frame, the ML features a lightweight down-tube milled to the perfect diameter for optimal strength. Men's version.",Red,52,U,352.1394,594.83,0.0,0.0,0.0,0.0,,,,0.0,0.0,,,0,High_Performance_Bestsellers
277,14,FR-R72R-58,"ML Road Frame - Red, 58",ML Road Frame,"Made from the same aluminum alloy as our top-of-the line HL frame, the ML features a lightweight down-tube milled to the perfect diameter for optimal strength. Men's version.",Red,58,U,352.1394,594.83,0.0,0.0,0.0,0.0,,,,0.0,0.0,,,0,High_Performance_Bestsellers
278,14,FR-R72R-60,"ML Road Frame - Red, 60",ML Road Frame,"Made from the same aluminum alloy as our top-of-the line HL frame, the ML features a lightweight down-tube milled to the perfect diameter for optimal strength. Men's version.",Red,60,U,352.1394,594.83,0.0,0.0,0.0,0.0,,,,0.0,0.0,,,0,High_Performance_Bestsellers
279,14,FR-R38B-44,"LL Road Frame - Black, 44",LL Road Frame,"The LL Frame provides a safe comfortable ride, while offering superior bump absorption in a value-priced aluminum frame.",Black,44,U,176.1997,297.6346,0.0,0.0,0.0,0.0,,,,0.0,0.0,,,0,High_Performance_Bestsellers
282,14,FR-R38B-48,"LL Road Frame - Black, 48",LL Road Frame,"The LL Frame provides a safe comfortable ride, while offering superior bump absorption in a value-priced aluminum frame.",Black,48,U,176.1997,297.6346,0.0,0.0,0.0,0.0,,,,0.0,0.0,,,0,High_Performance_Bestsellers
285,14,FR-R38B-52,"LL Road Frame - Black, 52",LL Road Frame,"The LL Frame provides a safe comfortable ride, while offering superior bump absorption in a value-priced aluminum frame.",Black,52,U,176.1997,297.6346,0.0,0.0,0.0,0.0,,,,0.0,0.0,,,0,High_Performance_Bestsellers
288,12,FR-M94S-42,"HL Mountain Frame - Silver, 42",HL Mountain Frame,Each frame is hand-crafted in our Bothell facility to the optimum diameter and wall-thickness required of a premium mountain frame. The heat-treated welded aluminum frame has a larger diameter tube that absorbs the bumps.,Silver,42,U,623.8403,1204.3248,0.0,0.0,0.0,0.0,,,,0.0,0.0,,,0,High_Performance_Bestsellers
291,12,FR-M94S-44,"HL Mountain Frame - Silver, 44",HL Mountain Frame,Each frame is hand-crafted in our Bothell facility to the optimum diameter and wall-thickness required of a premium mountain frame. The heat-treated welded aluminum frame has a larger diameter tube that absorbs the bumps.,Silver,44,U,706.811,1364.5,0.0,0.0,0.0,0.0,,,,0.0,0.0,,,0,High_Performance_Bestsellers
292,12,FR-M94S-52,"HL Mountain Frame - Silver, 48",HL Mountain Frame,Each frame is hand-crafted in our Bothell facility to the optimum diameter and wall-thickness required of a premium mountain frame. The heat-treated welded aluminum frame has a larger diameter tube that absorbs the bumps.,Silver,48,U,706.811,1364.5,0.0,0.0,0.0,0.0,,,,0.0,0.0,,,0,High_Performance_Bestsellers
293,12,FR-M94S-46,"HL Mountain Frame - Silver, 46",HL Mountain Frame,Each frame is hand-crafted in our Bothell facility to the optimum diameter and wall-thickness required of a premium mountain frame. The heat-treated welded aluminum frame has a larger diameter tube that absorbs the bumps.,Silver,46,U,623.8403,1204.3248,0.0,0.0,0.0,0.0,,,,0.0,0.0,,,0,High_Performance_Bestsellers
296,12,FR-M94B-42,"HL Mountain Frame - Black, 42",HL Mountain Frame,Each frame is hand-crafted in our Bothell facility to the optimum diameter and wall-thickness required of a premium mountain frame. The heat-treated welded aluminum frame has a larger diameter tube that absorbs the bumps.,Black,42,U,617.0281,1191.1739,0.0,0.0,0.0,0.0,,,,0.0,0.0,,,0,High_Performance_Bestsellers
299,12,FR-M94B-44,"HL Mountain Frame - Black, 44",HL Mountain Frame,Each frame is hand-crafted in our Bothell facility to the optimum diameter and wall-thickness required of a premium mountain frame. The heat-treated welded aluminum frame has a larger diameter tube that absorbs the bumps.,Black,44,U,699.0928,1349.6,0.0,0.0,0.0,0.0,,,,0.0,0.0,,,0,High_Performance_Bestsellers
300,12,FR-M94B-48,"HL Mountain Frame - Black, 48",HL Mountain Frame,Each frame is hand-crafted in our Bothell facility to the optimum diameter and wall-thickness required of a premium mountain frame. The heat-treated welded aluminum frame has a larger diameter tube that absorbs the bumps.,Black,48,U,699.0928,1349.6,0.0,0.0,0.0,0.0,,,,0.0,0.0,,,0,High_Performance_Bestsellers
301,12,FR-M94B-46,"HL Mountain Frame - Black, 46",HL Mountain Frame,Each frame is hand-crafted in our Bothell facility to the optimum diameter and wall-thickness required of a premium mountain frame. The heat-treated welded aluminum frame has a larger diameter tube that absorbs the bumps.,Black,46,U,617.0281,1191.1739,0.0,0.0,0.0,0.0,,,,0.0,0.0,,,0,High_Performance_Bestsellers
304,12,FR-M94B-38,"HL Mountain Frame - Black, 38",HL Mountain Frame,Each frame is hand-crafted in our Bothell facility to the optimum diameter and wall-thickness required of a premium mountain frame. The heat-treated welded aluminum frame has a larger diameter tube that absorbs the bumps.,Black,38,U,617.0281,1191.1739,0.0,0.0,0.0,0.0,,,,0.0,0.0,,,0,High_Performance_Bestsellers
307,12,FR-M94S-38,"HL Mountain Frame - Silver, 38",HL Mountain Frame,Each frame is hand-crafted in our Bothell facility to the optimum diameter and wall-thickness required of a premium mountain frame. The heat-treated welded aluminum frame has a larger diameter tube that absorbs the bumps.,Silver,38,U,623.8403,1204.3248,0.0,0.0,0.0,0.0,,,,0.0,0.0,,,0,High_Performance_Bestsellers
310,2,BK-R93R-62,"Road-150 Red, 62",Road-150,"This bike is ridden by race winners. Developed with the Adventure Works Cycles professional race team, it has a extremely light heat-treated aluminum frame, and steering that allows precision control.",Red,62,U,2171.2942,3578.27,0.0,0.0,0.0,0.0,,,,0.0,0.0,,,0,High_Performance_Bestsellers
311,2,BK-R93R-44,"Road-150 Red, 44",Road-150,"This bike is ridden by race winners. Developed with the Adventure Works Cycles professional race team, it has a extremely light heat-treated aluminum frame, and steering that allows precision control.",Red,44,U,2171.2942,3578.27,0.0,0.0,0.0,0.0,,,,0.0,0.0,,,0,High_Performance_Bestsellers
312,2,BK-R93R-48,"Road-150 Red, 48",Road-150,"This bike is ridden by race winners. Developed with the Adventure Works Cycles professional race team, it has a extremely light heat-treated aluminum frame, and steering that allows precision control.",Red,48,U,2171.2942,3578.27,0.0,0.0,0.0,0.0,,,,0.0,0.0,,,0,High_Performance_Bestsellers
313,2,BK-R93R-52,"Road-150 Red, 52",Road-150,"This bike is ridden by race winners. Developed with the Adventure Works Cycles professional race team, it has a extremely light heat-treated aluminum frame, and steering that allows precision control.",Red,52,U,2171.2942,3578.27,0.0,0.0,0.0,0.0,,,,0.0,0.0,,,0,High_Performance_Bestsellers
314,2,BK-R93R-56,"Road-150 Red, 56",Road-150,"This bike is ridden by race winners. Developed with the Adventure Works Cycles professional race team, it has a extremely light heat-treated aluminum frame, and steering that allows precision control.",Red,56,U,2171.2942,3578.27,0.0,0.0,0.0,0.0,,,,0.0,0.0,,,0,High_Performance_Bestsellers
315,2,BK-R68R-58,"Road-450 Red, 58",Road-450,"A true multi-sport bike that offers streamlined riding and a revolutionary design. Aerodynamic design lets you ride with the pros, and the gearing will conquer hilly roads.",Red,58,U,884.7083,1457.99,0.0,0.0,0.0,0.0,,,,0.0,0.0,,,0,High_Performance_Bestsellers
316,2,BK-R68R-60,"Road-450 Red, 60",Road-450,"A true multi-sport bike that offers streamlined riding and a revolutionary design. Aerodynamic design lets you ride with the pros, and the gearing will conquer hilly roads.",Red,60,U,884.7083,1457.99,0.0,0.0,0.0,0.0,,,,0.0,0.0,,,0,High_Performance_Bestsellers
317,2,BK-R68R-44,"Road-450 Red, 44",Road-450,"A true multi-sport bike that offers streamlined riding and a revolutionary design. Aerodynamic design lets you ride with the pros, and the gearing will conquer hilly roads.",Red,44,U,884.7083,1457.99,0.0,0.0,0.0,0.0,,,,0.0,0.0,,,0,High_Performance_Bestsellers
318,2,BK-R68R-48,"Road-450 Red, 48",Road-450,"A true multi-sport bike that offers streamlined riding and a revolutionary design. Aerodynamic design lets you ride with the pros, and the gearing will conquer hilly roads.",Red,48,U,884.7083,1457.99,0.0,0.0,0.0,0.0,,,,0.0,0.0,,,0,High_Performance_Bestsellers
319,2,BK-R68R-52,"Road-450 Red, 52",Road-450,"A true multi-sport bike that offers streamlined riding and a revolutionary design. Aerodynamic design lets you ride with the pros, and the gearing will conquer hilly roads.",Red,52,U,884.7083,1457.99,0.0,0.0,0.0,0.0,,,,0.0,0.0,,,0,High_Performance_Bestsellers
320,2,BK-R50R-58,"Road-650 Red, 58",Road-650,"Value-priced bike with many features of our top-of-the-line models. Has the same light, stiff frame, and the quick acceleration we're famous for.",Red,58,U,413.1463,699.0982,0.0,0.0,0.0,0.0,,,,0.0,0.0,,,0,High_Performance_Bestsellers
322,2,BK-R50R-60,"Road-650 Red, 60",Road-650,"Value-priced bike with many features of our top-of-the-line models. Has the same light, stiff frame, and the quick acceleration we're famous for.",Red,60,U,413.1463,699.0982,0.0,0.0,0.0,0.0,,,,0.0,0.0,,,0,High_Performance_Bestsellers
324,2,BK-R50R-62,"Road-650 Red, 62",Road-650,"Value-priced bike with many features of our top-of-the-line models. Has the same light, stiff frame, and the quick acceleration we're famous for.",Red,62,U,413.1463,699.0982,0.0,0.0,0.0,0.0,,,,0.0,0.0,,,0,High_Performance_Bestsellers
326,2,BK-R50R-44,"Road-650 Red, 44",Road-650,"Value-priced bike with many features of our top-of-the-line models. Has the same light, stiff frame, and the quick acceleration we're famous for.",Red,44,U,413.1463,699.0982,0.0,0.0,0.0,0.0,,,,0.0,0.0,,,0,High_Performance_Bestsellers
328,2,BK-R50R-48,"Road-650 Red, 48",Road-650,"Value-priced bike with many features of our top-of-the-line models. Has the same light, stiff frame, and the quick acceleration we're famous for.",Red,48,U,413.1463,699.0982,0.0,0.0,0.0,0.0,,,,0.0,0.0,,,0,High_Performance_Bestsellers
330,2,BK-R50R-52,"Road-650 Red, 52",Road-650,"Value-priced bike with many features of our top-of-the-line models. Has the same light, stiff frame, and the quick acceleration we're famous for.",Red,52,U,413.1463,699.0982,0.0,0.0,0.0,0.0,,,,0.0,0.0,,,0,High_Performance_Bestsellers
332,2,BK-R50B-58,"Road-650 Black, 58",Road-650,"Value-priced bike with many features of our top-of-the-line models. Has the same light, stiff frame, and the quick acceleration we're famous for.",Black,58,U,413.1463,699.0982,0.0,0.0,0.0,0.0,,,,0.0,0.0,,,0,High_Performance_Bestsellers
334,2,BK-R50B-60,"Road-650 Black, 60",Road-650,"Value-priced bike with many features of our top-of-the-line models. Has the same light, stiff frame, and the quick acceleration we're famous for.",Black,60,U,413.1463,699.0982,0.0,0.0,0.0,0.0,,,,0.0,0.0,,,0,High_Performance_Bestsellers
336,2,BK-R50B-62,"Road-650 Black, 62",Road-650,"Value-priced bike with many features of our top-of-the-line models. Has the same light, stiff frame, and the quick acceleration we're famous for.",Black,62,U,413.1463,699.0982,0.0,0.0,0.0,0.0,,,,0.0,0.0,,,0,High_Performance_Bestsellers
338,2,BK-R50B-44,"Road-650 Black, 44",Road-650,"Value-priced bike with many features of our top-of-the-line models. Has the same light, stiff frame, and the quick acceleration we're famous for.",Black,44,U,413.1463,699.0982,0.0,0.0,0.0,0.0,,,,0.0,0.0,,,0,High_Performance_Bestsellers
340,2,BK-R50B-48,"Road-650 Black, 48",Road-650,"Value-priced bike with many features of our top-of-the-line models. Has the same light, stiff frame, and the quick acceleration we're famous for.",Black,48,U,413.1463,699.0982,0.0,0.0,0.0,0.0,,,,0.0,0.0,,,0,High_Performance_Bestsellers
342,2,BK-R50B-52,"Road-650 Black, 52",Road-650,"Value-priced bike with many features of our top-of-the-line models. Has the same light, stiff frame, and the quick acceleration we're famous for.",Black,52,U,413.1463,699.0982,0.0,0.0,0.0,0.0,,,,0.0,0.0,,,0,High_Performance_Bestsellers
344,1,BK-M82S-38,"Mountain-100 Silver, 38",Mountain-100,"Top-of-the-line competition mountain bike. Performance-enhancing options include the innovative HL Frame, super-smooth front suspension, and traction for all terrain.",Silver,38,U,1912.1544,3399.99,0.0,0.0,0.0,0.0,,,,0.0,0.0,,,0,High_Performance_Bestsellers
345,1,BK-M82S-42,"Mountain-100 Silver, 42",Mountain-100,"Top-of-the-line competition mountain bike. Performance-enhancing options include the innovative HL Frame, super-smooth front suspension, and traction for all terrain.",Silver,42,U,1912.1544,3399.99,0.0,0.0,0.0,0.0,,,,0.0,0.0,,,0,High_Performance_Bestsellers
346,1,BK-M82S-44,"Mountain-100 Silver, 44",Mountain-100,"Top-of-the-line competition mountain bike. Performance-enhancing options include the innovative HL Frame, super-smooth front suspension, and traction for all terrain.",Silver,44,U,1912.1544,3399.99,0.0,0.0,0.0,0.0,,,,0.0,0.0,,,0,High_Performance_Bestsellers
347,1,BK-M82S-48,"Mountain-100 Silver, 48",Mountain-100,"Top-of-the-line competition mountain bike. Performance-enhancing options include the innovative HL Frame, super-smooth front suspension, and traction for all terrain.",Silver,48,U,1912.1544,3399.99,0.0,0.0,0.0,0.0,,,,0.0,0.0,,,0,High_Performance_Bestsellers
348,1,BK-M82B-38,"Mountain-100 Black, 38",Mountain-100,"Top-of-the-line competition mountain bike. Performance-enhancing options include the innovative HL Frame, super-smooth front suspension, and traction for all terrain.",Black,38,U,1898.0944,3374.99,0.0,0.0,0.0,0.0,,,,0.0,0.0,,,0,High_Performance_Bestsellers
349,1,BK-M82B-42,"Mountain-100 Black, 42",Mountain-100,"Top-of-the-line competition mountain bike. Performance-enhancing options include the innovative HL Frame, super-smooth front suspension, and traction for all terrain.",Black,42,U,1898.0944,3374.99,0.0,0.0,0.0,0.0,,,,0.0,0.0,,,0,High_Performance_Bestsellers
350,1,BK-M82B-44,"Mountain-100 Black, 44",Mountain-100,"Top-of-the-line competition mountain bike. Performance-enhancing options include the innovative HL Frame, super-smooth front suspension, and traction for all terrain.",Black,44,U,1898.0944,3374.99,0.0,0.0,0.0,0.0,,,,0.0,0.0,,,0,High_Performance_Bestsellers
351,1,BK-M82B-48,"Mountain-100 Black, 48",Mountain-100,"Top-of-the-line competition mountain bike. Performance-enhancing options include the innovative HL Frame, super-smooth front suspension, and traction for all terrain.",Black,48,U,1898.0944,3374.99,0.0,0.0,0.0,0.0,,,,0.0,0.0,,,0,High_Performance_Bestsellers
364,1,BK-M47B-38,"Mountain-300 Black, 38",Mountain-300,For true trail addicts.  An extremely durable bike that will go anywhere and keep you in control on challenging terrain - without breaking your budget.,Black,38,U,598.4354,1079.99,0.0,0.0,0.0,0.0,,,,0.0,0.0,,,0,High_Performance_Bestsellers
365,1,BK-M47B-40,"Mountain-300 Black, 40",Mountain-300,For true trail addicts.  An extremely durable bike that will go anywhere and keep you in control on challenging terrain - without breaking your budget.,Black,40,U,598.4354,1079.99,0.0,0.0,0.0,0.0,,,,0.0,0.0,,,0,High_Performance_Bestsellers
366,1,BK-M47B-44,"Mountain-300 Black, 44",Mountain-300,For true trail addicts.  An extremely durable bike that will go anywhere and keep you in control on challenging terrain - without breaking your budget.,Black,44,U,598.4354,1079.99,0.0,0.0,0.0,0.0,,,,0.0,0.0,,,0,High_Performance_Bestsellers
367,1,BK-M47B-48,"Mountain-300 Black, 48",Mountain-300,For true trail addicts.  An extremely durable bike that will go anywhere and keep you in control on challenging terrain - without breaking your budget.,Black,48,U,598.4354,1079.99,0.0,0.0,0.0,0.0,,,,0.0,0.0,,,0,High_Performance_Bestsellers
368,2,BK-R89R-44,"Road-250 Red, 44",Road-250,"Alluminum-alloy frame provides a light, stiff ride, whether you are racing in the velodrome or on a demanding club ride on country roads.",Red,44,U,1518.7864,2443.35,0.0,0.0,0.0,0.0,,,,0.0,0.0,,,0,High_Performance_Bestsellers
369,2,BK-R89R-48,"Road-250 Red, 48",Road-250,"Alluminum-alloy frame provides a light, stiff ride, whether you are racing in the velodrome or on a demanding club ride on country roads.",Red,48,U,1518.7864,2443.35,0.0,0.0,0.0,0.0,,,,0.0,0.0,,,0,High_Performance_Bestsellers
370,2,BK-R89R-52,"Road-250 Red, 52",Road-250,"Alluminum-alloy frame provides a light, stiff ride, whether you are racing in the velodrome or on a demanding club ride on country roads.",Red,52,U,1518.7864,2443.35,0.0,0.0,0.0,0.0,,,,0.0,0.0,,,0,High_Performance_Bestsellers
391,10,FK-1639,LL Fork,LL Fork,Stout design absorbs shock and offers more precise steering.,,0,0,65.8097,148.22,0.0,0.0,0.0,0.0,,,,0.0,0.0,,,0,High_Performance_Bestsellers
392,10,FK-5136,ML Fork,ML Fork,Composite road fork with an aluminum steerer tube.,,0,0,77.9176,175.49,0.0,0.0,0.0,0.0,,,,0.0,0.0,,,0,High_Performance_Bestsellers
393,10,FK-9939,HL Fork,HL Fork,High-performance carbon road fork with curved legs.,,0,0,101.8936,229.49,0.0,0.0,0.0,0.0,,,,0.0,0.0,,,0,High_Performance_Bestsellers
394,11,HS-0296,LL Headset,LL Headset,Threadless headset provides quality at an economical price.,,0,0,15.1848,34.2,0.0,0.0,0.0,0.0,,,,0.0,0.0,,,0,High_Performance_Bestsellers
395,11,HS-2451,ML Headset,ML Headset,Sealed cartridge keeps dirt out.,,0,0,45.4168,102.29,0.0,0.0,0.0,0.0,,,,0.0,0.0,,,0,High_Performance_Bestsellers
396,11,HS-3479,HL Headset,HL Headset,"High-quality 1"" threadless headset with a grease port for quick lubrication.",,0,0,55.3801,124.73,0.0,0.0,0.0,0.0,,,,0.0,0.0,,,0,High_Performance_Bestsellers
397,4,HB-M243,LL Mountain Handlebars,LL Mountain Handlebars,All-purpose bar for on or off-road.,,0,0,17.978,40.4909,0.0,0.0,0.0,0.0,,,,0.0,0.0,,,0,High_Performance_Bestsellers
399,4,HB-M763,ML Mountain Handlebars,ML Mountain Handlebars,Tough aluminum alloy bars for downhill.,,0,0,24.9932,56.2909,0.0,0.0,0.0,0.0,,,,0.0,0.0,,,0,High_Performance_Bestsellers
401,4,HB-M918,HL Mountain Handlebars,HL Mountain Handlebars,Flat bar strong enough for the pro circuit.,,0,0,48.5453,109.3364,0.0,0.0,0.0,0.0,,,,0.0,0.0,,,0,High_Performance_Bestsellers
403,4,HB-R504,LL Road Handlebars,LL Road Handlebars,Unique shape provides easier reach to the levers.,,0,0,17.978,40.4909,0.0,0.0,0.0,0.0,,,,0.0,0.0,,,0,High_Performance_Bestsellers
405,4,HB-R720,ML Road Handlebars,ML Road Handlebars,Anatomically shaped aluminum tube bar will suit all riders.,,0,0,24.9932,56.2909,0.0,0.0,0.0,0.0,,,,0.0,0.0,,,0,High_Performance_Bestsellers
407,4,HB-R956,HL Road Handlebars,HL Road Handlebars,Designed for racers; high-end anatomically shaped bar from aluminum alloy.,,0,0,48.5453,109.3364,0.0,0.0,0.0,0.0,,,,0.0,0.0,,,0,High_Performance_Bestsellers
409,12,FR-M63B-38,"ML Mountain Frame - Black, 38",ML Mountain Frame-W,The ML frame is a heat-treated aluminum frame made with the same detail and quality as our HL frame. It offers superior performance. Men's version.,Black,38,U,185.8193,348.76,0.0,0.0,0.0,0.0,,,,0.0,0.0,,,0,High_Performance_Bestsellers
410,17,FW-M423,LL Mountain Front Wheel,LL Mountain Front Wheel,Replacement mountain wheel for entry-level rider.,Black,0,0,26.9708,60.745,0.0,0.0,0.0,0.0,,,,0.0,0.0,,,0,High_Performance_Bestsellers
411,17,FW-M762,ML Mountain Front Wheel,ML Mountain Front Wheel,Replacement mountain wheel for the casual to serious rider.,Black,0,0,92.8071,209.025,0.0,0.0,0.0,0.0,,,,0.0,0.0,,,0,High_Performance_Bestsellers
412,17,FW-M928,HL Mountain Front Wheel,HL Mountain Front Wheel,High-performance mountain replacement wheel.,Black,0,0,133.2955,300.215,0.0,0.0,0.0,0.0,,,,0.0,0.0,,,0,High_Performance_Bestsellers
413,17,FW-R623,LL Road Front Wheel,LL Road Front Wheel,Replacement road front wheel for entry-level cyclist.,Black,0,0,37.9909,85.565,0.0,0.0,0.0,0.0,,,,0.0,0.0,,,0,High_Performance_Bestsellers
414,17,FW-R762,ML Road Front Wheel,ML Road Front Wheel,Sturdy alloy features a quick-release hub.,Black,0,0,110.2829,248.385,0.0,0.0,0.0,0.0,,,,0.0,0.0,,,0,High_Performance_Bestsellers
415,17,FW-R820,HL Road Front Wheel,HL Road Front Wheel,Strong wheel with double-walled rim.,Black,0,0,146.5466,330.06,0.0,0.0,0.0,0.0,,,,0.0,0.0,,,0,High_Performance_Bestsellers
416,17,FW-T905,Touring Front Wheel,Touring Front Wheel,Aerodynamic rims for smooth riding.,Black,0,0,96.7964,218.01,0.0,0.0,0.0,0.0,,,,0.0,0.0,,,0,High_Performance_Bestsellers
417,14,FR-R72Y-38,"ML Road Frame-W - Yellow, 38",ML Road Frame-W,"Made from the same aluminum alloy as our top-of-the line HL frame, the ML features a lightweight down-tube milled to the perfect diameter for optimal strength. Women's version.",Yellow,38,W,300.1188,540.7545,0.0,0.0,0.0,0.0,,,,0.0,0.0,,,0,High_Performance_Bestsellers
419,17,RW-M423,LL Mountain Rear Wheel,LL Mountain Rear Wheel,Replacement mountain wheel for entry-level rider.,Black,0,0,38.9588,87.745,0.0,0.0,0.0,0.0,,,,0.0,0.0,,,0,High_Performance_Bestsellers
420,17,RW-M762,ML Mountain Rear Wheel,ML Mountain Rear Wheel,Replacement mountain wheel for the casual to serious rider.,Black,0,0,104.7951,236.025,0.0,0.0,0.0,0.0,,,,0.0,0.0,,,0,High_Performance_Bestsellers
421,17,RW-M928,HL Mountain Rear Wheel,HL Mountain Rear Wheel,High-performance mountain replacement wheel.,Black,0,0,145.2835,327.215,0.0,0.0,0.0,0.0,,,,0.0,0.0,,,0,High_Performance_Bestsellers
422,17,RW-R623,LL Road Rear Wheel,LL Road Rear Wheel,Replacement road rear wheel for entry-level cyclist.,Black,0,0,49.9789,112.565,0.0,0.0,0.0,0.0,,,,0.0,0.0,,,0,High_Performance_Bestsellers
423,17,RW-R762,ML Road Rear Wheel,ML Road Rear Wheel,Aluminum alloy rim with stainless steel spokes; built for speed.,Black,0,0,122.2709,275.385,0.0,0.0,0.0,0.0,,,,0.0,0.0,,,0,High_Performance_Bestsellers
424,17,RW-R820,HL Road Rear Wheel,HL Road Rear Wheel,Strong rear wheel with double-walled rim.,Black,0,0,158.5346,357.06,0.0,0.0,0.0,0.0,,,,0.0,0.0,,,0,High_Performance_Bestsellers
425,17,RW-T905,Touring Rear Wheel,Touring Rear Wheel,Excellent aerodynamic rims guarantee a smooth ride.,Black,0,0,108.7844,245.01,0.0,0.0,0.0,0.0,,,,0.0,0.0,,,0,High_Performance_Bestsellers
426,12,FR-M63B-40,"ML Mountain Frame - Black, 40",ML Mountain Frame,The ML frame is a heat-treated aluminum frame made with the same detail and quality as our HL frame. It offers superior performance. Women's version.,Black,40,U,185.8193,348.76,0.0,0.0,0.0,0.0,,,,0.0,0.0,,,0,High_Performance_Bestsellers
427,12,FR-M63B-44,"ML Mountain Frame - Black, 44",ML Mountain Frame,The ML frame is a heat-treated aluminum frame made with the same detail and quality as our HL frame. It offers superior performance. Women's version.,Black,44,U,185.8193,348.76,0.0,0.0,0.0,0.0,,,,0.0,0.0,,,0,High_Performance_Bestsellers
428,12,FR-M63B-48,"ML Mountain Frame - Black, 48",ML Mountain Frame,The ML frame is a heat-treated aluminum frame made with the same detail and quality as our HL frame. It offers superior performance. Women's version.,Black,48,U,185.8193,348.76,0.0,0.0,0.0,0.0,,,,0.0,0.0,,,0,High_Performance_Bestsellers
429,14,FR-R72Y-40,"ML Road Frame-W - Yellow, 40",ML Road Frame-W,"Made from the same aluminum alloy as our top-of-the line HL frame, the ML features a lightweight down-tube milled to the perfect diameter for optimal strength. Women's version.",Yellow,40,W,300.1188,540.7545,0.0,0.0,0.0,0.0,,,,0.0,0.0,,,0,High_Performance_Bestsellers
431,14,FR-R72Y-42,"ML Road Frame-W - Yellow, 42",ML Road Frame-W,"Made from the same aluminum alloy as our top-of-the line HL frame, the ML features a lightweight down-tube milled to the perfect diameter for optimal strength. Women's version.",Yellow,42,W,300.1188,540.7545,0.0,0.0,0.0,0.0,,,,0.0,0.0,,,0,High_Performance_Bestsellers
433,14,FR-R72Y-44,"ML Road Frame-W - Yellow, 44",ML Road Frame-W,"Made from the same aluminum alloy as our top-of-the line HL frame, the ML features a lightweight down-tube milled to the perfect diameter for optimal strength. Women's version.",Yellow,44,W,300.1188,540.7545,0.0,0.0,0.0,0.0,,,,0.0,0.0,,,0,High_Performance_Bestsellers
435,14,FR-R72Y-48,"ML Road Frame-W - Yellow, 48",ML Road Frame-W,"Made from the same aluminum alloy as our top-of-the line HL frame, the ML features a lightweight down-tube milled to the perfect diameter for optimal strength. Women's version.",Yellow,48,W,300.1188,540.7545,0.0,0.0,0.0,0.0,,,,0.0,0.0,,,0,High_Performance_Bestsellers
437,14,FR-R92B-62,"HL Road Frame - Black, 62",HL Road Frame,Our lightest and best quality aluminum frame made from the newest alloy; it is welded and heat-treated for strength. Our innovative design results in maximum comfort and performance.,Black,62,U,722.2568,1301.3636,0.0,0.0,0.0,0.0,,,,0.0,0.0,,,0,High_Performance_Bestsellers
439,14,FR-R92B-44,"HL Road Frame - Black, 44",HL Road Frame,Our lightest and best quality aluminum frame made from the newest alloy; it is welded and heat-treated for strength. Our innovative design results in maximum comfort and performance.,Black,44,U,722.2568,1301.3636,0.0,0.0,0.0,0.0,,,,0.0,0.0,,,0,High_Performance_Bestsellers
441,14,FR-R92B-48,"HL Road Frame - Black, 48",HL Road Frame,Our lightest and best quality aluminum frame made from the newest alloy; it is welded and heat-treated for strength. Our innovative design results in maximum comfort and performance.,Black,48,U,722.2568,1301.3636,0.0,0.0,0.0,0.0,,,,0.0,0.0,,,0,High_Performance_Bestsellers
443,14,FR-R92B-52,"HL Road Frame - Black, 52",HL Road Frame,Our lightest and best quality aluminum frame made from the newest alloy; it is welded and heat-treated for strength. Our innovative design results in maximum comfort and performance.,Black,52,U,722.2568,1301.3636,0.0,0.0,0.0,0.0,,,,0.0,0.0,,,0,High_Performance_Bestsellers
445,22,SH-M897-S,"Men's Sports Shorts, S",Men's Sports Shorts,Men's 8-panel racing shorts - lycra with an elastic waistband and leg grippers.,Black,S,M,24.7459,59.99,0.0,0.0,0.0,0.0,,,,0.0,0.0,,,0,High_Performance_Bestsellers
446,35,PA-T100,"Touring-Panniers, Large",Touring-Panniers,"Durable, water-proof nylon construction with easy access. Large enough for weekend trips.",Grey,0,0,51.5625,125.0,0.0,0.0,0.0,0.0,,,,0.0,0.0,,,0,High_Performance_Bestsellers
447,34,LO-C100,Cable Lock,Cable Lock,"Wraps to fit front and rear tires, carrier and 2 keys included.",,0,0,10.3125,25.0,0.0,0.0,0.0,0.0,,,,0.0,0.0,,,0,High_Performance_Bestsellers
448,36,PU-0452,Minipump,Minipump,Designed for convenience. Fits in your pocket. Aluminum barrel. 160psi rated.,,0,0,8.2459,19.99,0.0,0.0,0.0,0.0,,,,0.0,0.0,,,0,High_Performance_Bestsellers
449,36,PU-M044,Mountain Pump,Mountain Pump,Simple and light-weight. Emergency patches stored in handle.,,0,0,10.3084,24.99,0.0,0.0,0.0,0.0,,,,0.0,0.0,,,0,High_Performance_Bestsellers
450,33,LT-T990,Taillights - Battery-Powered,Taillight,Affordable light for safe night riding - uses 3 AAA batteries,,0,0,5.7709,13.99,0.0,0.0,0.0,0.0,,,,0.0,0.0,,,0,High_Performance_Bestsellers
451,33,LT-H902,Headlights - Dual-Beam,Headlights - Dual-Beam,Rechargeable dual-beam headlight.,,0,0,14.4334,34.99,0.0,0.0,0.0,0.0,,,,0.0,0.0,,,0,High_Performance_Bestsellers
452,33,LT-H903,Headlights - Weatherproof,Headlights - Weatherproof,Rugged weatherproof headlight.,,0,0,18.5584,44.99,0.0,0.0,0.0,0.0,,,,0.0,0.0,,,0,High_Performance_Bestsellers
453,22,SH-M897-M,"Men's Sports Shorts, M",Men's Sports Shorts,Men's 8-panel racing shorts - lycra with an elastic waistband and leg grippers.,Black,M,M,24.7459,59.99,0.0,0.0,0.0,0.0,,,,0.0,0.0,,,0,High_Performance_Bestsellers
454,22,SH-M897-L,"Men's Sports Shorts, L",Men's Sports Shorts,Men's 8-panel racing shorts - lycra with an elastic waistband and leg grippers.,Black,L,M,24.7459,59.99,0.0,0.0,0.0,0.0,,,,0.0,0.0,,,0,High_Performance_Bestsellers
455,22,SH-M897-X,"Men's Sports Shorts, XL",Men's Sports Shorts,Men's 8-panel racing shorts - lycra with an elastic waistband and leg grippers.,Black,XL,M,24.7459,59.99,0.0,0.0,0.0,0.0,,,,0.0,0.0,,,0,High_Performance_Bestsellers
456,24,TG-W091-S,"Women's Tights, S",Women's Tights,Warm spandex tights for winter riding; seamless chamois construction eliminates pressure points.,Black,S,W,30.9334,74.99,0.0,0.0,0.0,0.0,,,,0.0,0.0,,,0,High_Performance_Bestsellers
457,24,TG-W091-M,"Women's Tights, M",Women's Tights,Warm spandex tights for winter riding; seamless chamois construction eliminates pressure points.,Black,M,W,30.9334,74.99,0.0,0.0,0.0,0.0,,,,0.0,0.0,,,0,High_Performance_Bestsellers
458,24,TG-W091-L,"Women's Tights, L",Women's Tights,Warm spandex tights for winter riding; seamless chamois construction eliminates pressure points.,Black,L,W,30.9334,74.99,0.0,0.0,0.0,0.0,,,,0.0,0.0,,,0,High_Performance_Bestsellers
459,18,SB-M891-S,"Men's Bib-Shorts, S",Men's Bib-Shorts,"Designed for the AWC team with stay-put straps, moisture-control, chamois padding, and leg grippers.",Multi,S,M,37.1209,89.99,0.0,0.0,0.0,0.0,,,,0.0,0.0,,,0,High_Performance_Bestsellers
460,18,SB-M891-M,"Men's Bib-Shorts, M",Men's Bib-Shorts,"Designed for the AWC team with stay-put straps, moisture-control, chamois padding, and leg grippers.",Multi,M,M,37.1209,89.99,0.0,0.0,0.0,0.0,,,,0.0,0.0,,,0,High_Performance_Bestsellers
461,18,SB-M891-L,"Men's Bib-Shorts, L",Men's Bib-Shorts,"Designed for the AWC team with stay-put straps, moisture-control, chamois padding, and leg grippers.",Multi,L,M,37.1209,89.99,0.0,0.0,0.0,0.0,,,,0.0,0.0,,,0,High_Performance_Bestsellers
468,20,GL-F110-S,"Full-Finger Gloves, S",Full-Finger Gloves,"Synthetic palm, flexible knuckles, breathable mesh upper. Worn by the AWC team riders.",Black,S,U,15.6709,37.99,0.0,0.0,0.0,0.0,,,,0.0,0.0,,,0,High_Performance_Bestsellers
469,20,GL-F110-M,"Full-Finger Gloves, M",Full-Finger Gloves,"Synthetic palm, flexible knuckles, breathable mesh upper. Worn by the AWC team riders.",Black,M,U,15.6709,37.99,0.0,0.0,0.0,0.0,,,,0.0,0.0,,,0,High_Performance_Bestsellers
470,20,GL-F110-L,"Full-Finger Gloves, L",Full-Finger Gloves,"Synthetic palm, flexible knuckles, breathable mesh upper. Worn by the AWC team riders.",Black,L,U,15.6709,37.99,0.0,0.0,0.0,0.0,,,,0.0,0.0,,,0,High_Performance_Bestsellers
471,25,VE-C304-S,"Classic Vest, S",Classic Vest,"Light-weight, wind-resistant, packs to fit into a pocket.",Blue,S,U,23.749,63.5,5778.5,91.0,3617.3410000000003,91.0,2022-01-01,2022-06-30,74.0,0.6260000000000001,63.5,181.0,0.5027624309392266,2,Emerging_Potential
472,25,VE-C304-M,"Classic Vest, M",Classic Vest,"Light-weight, wind-resistant, packs to fit into a pocket.",Blue,M,U,23.749,63.5,7048.5,111.0,4412.361000000001,111.0,2022-01-02,2022-06-30,81.0,0.6260000000000001,63.5,180.0,0.6166666666666667,2,Emerging_Potential
473,25,VE-C304-L,"Classic Vest, L",Classic Vest,"Light-weight, wind-resistant, packs to fit into a pocket.",Blue,L,U,23.749,63.5,7302.5,115.0,4571.365000000001,115.0,2022-01-04,2022-06-28,89.0,0.6260000000000001,63.5,178.0,0.6460674157303371,2,Emerging_Potential
486,27,ST-1401,All-Purpose Bike Stand,All-Purpose Bike Stand,Perfect all-purpose bike stand for working on your bike at home. Quick-adjusting clamps and steel construction.,,0,0,59.466,159.0,18444.0,116.0,11545.944000000001,116.0,2022-01-06,2022-06-30,90.0,0.6260000000000001,159.0,176.0,0.6590909090909091,2,Emerging_Potential
492,16,FR-T98Y-60,"HL Touring Frame - Yellow, 60",HL Touring Frame,The HL aluminum frame is custom-shaped for both good looks and strength; it will withstand the most rigorous challenges of daily riding. Men's version.,Yellow,60,U,601.7437,1003.91,0.0,0.0,0.0,0.0,,,,0.0,0.0,,,0,High_Performance_Bestsellers
493,16,FR-T67Y-62,"LL Touring Frame - Yellow, 62",LL Touring Frame,Lightweight butted aluminum frame provides a more upright riding position for a trip around town.  Our ground-breaking design provides optimum comfort.,Yellow,62,U,199.8519,333.42,0.0,0.0,0.0,0.0,,,,0.0,0.0,,,0,High_Performance_Bestsellers
494,16,FR-T98Y-46,"HL Touring Frame - Yellow, 46",HL Touring Frame,The HL aluminum frame is custom-shaped for both good looks and strength; it will withstand the most rigorous challenges of daily riding. Men's version.,Yellow,46,U,601.7437,1003.91,0.0,0.0,0.0,0.0,,,,0.0,0.0,,,0,High_Performance_Bestsellers
495,16,FR-T98Y-50,"HL Touring Frame - Yellow, 50",HL Touring Frame,The HL aluminum frame is custom-shaped for both good looks and strength; it will withstand the most rigorous challenges of daily riding. Men's version.,Yellow,50,U,601.7437,1003.91,0.0,0.0,0.0,0.0,,,,0.0,0.0,,,0,High_Performance_Bestsellers
496,16,FR-T98Y-54,"HL Touring Frame - Yellow, 54",HL Touring Frame,The HL aluminum frame is custom-shaped for both good looks and strength; it will withstand the most rigorous challenges of daily riding. Men's version.,Yellow,54,U,601.7437,1003.91,0.0,0.0,0.0,0.0,,,,0.0,0.0,,,0,High_Performance_Bestsellers
497,16,FR-T98U-46,"HL Touring Frame - Blue, 46",HL Touring Frame,The HL aluminum frame is custom-shaped for both good looks and strength; it will withstand the most rigorous challenges of daily riding. Men's version.,Blue,46,U,601.7437,1003.91,0.0,0.0,0.0,0.0,,,,0.0,0.0,,,0,High_Performance_Bestsellers
498,16,FR-T98U-50,"HL Touring Frame - Blue, 50",HL Touring Frame,The HL aluminum frame is custom-shaped for both good looks and strength; it will withstand the most rigorous challenges of daily riding. Men's version.,Blue,50,U,601.7437,1003.91,0.0,0.0,0.0,0.0,,,,0.0,0.0,,,0,High_Performance_Bestsellers
499,16,FR-T98U-54,"HL Touring Frame - Blue, 54",HL Touring Frame,The HL aluminum frame is custom-shaped for both good looks and strength; it will withstand the most rigorous challenges of daily riding. Men's version.,Blue,54,U,601.7437,1003.91,0.0,0.0,0.0,0.0,,,,0.0,0.0,,,0,High_Performance_Bestsellers
500,16,FR-T98U-60,"HL Touring Frame - Blue, 60",HL Touring Frame,The HL aluminum frame is custom-shaped for both good looks and strength; it will withstand the most rigorous challenges of daily riding. Men's version.,Blue,60,U,601.7437,1003.91,0.0,0.0,0.0,0.0,,,,0.0,0.0,,,0,High_Performance_Bestsellers
501,9,RD-2308,Rear Derailleur,Rear Derailleur,Wide-link design.,Silver,0,0,53.9282,121.46,0.0,0.0,0.0,0.0,,,,0.0,0.0,,,0,High_Performance_Bestsellers
502,16,FR-T67U-50,"LL Touring Frame - Blue, 50",LL Touring Frame,Lightweight butted aluminum frame provides a more upright riding position for a trip around town.  Our ground-breaking design provides optimum comfort.,Blue,50,U,199.8519,333.42,0.0,0.0,0.0,0.0,,,,0.0,0.0,,,0,High_Performance_Bestsellers
503,16,FR-T67U-54,"LL Touring Frame - Blue, 54",LL Touring Frame,Lightweight butted aluminum frame provides a more upright riding position for a trip around town.  Our ground-breaking design provides optimum comfort.,Blue,54,U,199.8519,333.42,0.0,0.0,0.0,0.0,,,,0.0,0.0,,,0,High_Performance_Bestsellers
504,16,FR-T67U-58,"LL Touring Frame - Blue, 58",LL Touring Frame,Lightweight butted aluminum frame provides a more upright riding position for a trip around town.  Our ground-breaking design provides optimum comfort.,Blue,58,U,199.8519,333.42,0.0,0.0,0.0,0.0,,,,0.0,0.0,,,0,High_Performance_Bestsellers
505,16,FR-T67U-62,"LL Touring Frame - Blue, 62",LL Touring Frame,Lightweight butted aluminum frame provides a more upright riding position for a trip around town.  Our ground-breaking design provides optimum comfort.,Blue,62,U,199.8519,333.42,0.0,0.0,0.0,0.0,,,,0.0,0.0,,,0,High_Performance_Bestsellers
506,16,FR-T67Y-44,"LL Touring Frame - Yellow, 44",LL Touring Frame,Lightweight butted aluminum frame provides a more upright riding position for a trip around town.  Our ground-breaking design provides optimum comfort.,Yellow,44,U,199.8519,333.42,0.0,0.0,0.0,0.0,,,,0.0,0.0,,,0,High_Performance_Bestsellers
507,16,FR-T67Y-50,"LL Touring Frame - Yellow, 50",LL Touring Frame,Lightweight butted aluminum frame provides a more upright riding position for a trip around town.  Our ground-breaking design provides optimum comfort.,Yellow,50,U,199.8519,333.42,0.0,0.0,0.0,0.0,,,,0.0,0.0,,,0,High_Performance_Bestsellers
508,16,FR-T67Y-54,"LL Touring Frame - Yellow, 54",LL Touring Frame,Lightweight butted aluminum frame provides a more upright riding position for a trip around town.  Our ground-breaking design provides optimum comfort.,Yellow,54,U,199.8519,333.42,0.0,0.0,0.0,0.0,,,,0.0,0.0,,,0,High_Performance_Bestsellers
509,16,FR-T67Y-58,"LL Touring Frame - Yellow, 58",LL Touring Frame,Lightweight butted aluminum frame provides a more upright riding position for a trip around town.  Our ground-breaking design provides optimum comfort.,Yellow,58,U,199.8519,333.42,0.0,0.0,0.0,0.0,,,,0.0,0.0,,,0,High_Performance_Bestsellers
510,16,FR-T67U-44,"LL Touring Frame - Blue, 44",LL Touring Frame,Lightweight butted aluminum frame provides a more upright riding position for a trip around town.  Our ground-breaking design provides optimum comfort.,Blue,44,U,199.8519,333.42,0.0,0.0,0.0,0.0,,,,0.0,0.0,,,0,High_Performance_Bestsellers
511,12,FR-M63S-40,"ML Mountain Frame-W - Silver, 40",ML Mountain Frame-W,The ML frame is a heat-treated aluminum frame made with the same detail and quality as our HL frame. It offers superior performance. Men's version.,Silver,40,W,199.3757,364.09,0.0,0.0,0.0,0.0,,,,0.0,0.0,,,0,High_Performance_Bestsellers
512,12,FR-M63S-42,"ML Mountain Frame-W - Silver, 42",ML Mountain Frame-W,The ML frame is a heat-treated aluminum frame made with the same detail and quality as our HL frame. It offers superior performance. Men's version.,Silver,42,W,199.3757,364.09,0.0,0.0,0.0,0.0,,,,0.0,0.0,,,0,High_Performance_Bestsellers
513,12,FR-M63S-46,"ML Mountain Frame-W - Silver, 46",ML Mountain Frame-W,The ML frame is a heat-treated aluminum frame made with the same detail and quality as our HL frame. It offers superior performance. Men's version.,Silver,46,W,199.3757,364.09,0.0,0.0,0.0,0.0,,,,0.0,0.0,,,0,High_Performance_Bestsellers
514,6,RB-9231,Rear Brakes,Rear Brakes,0,Silver,0,0,47.286,106.5,0.0,0.0,0.0,0.0,,,,0.0,0.0,,,0,High_Performance_Bestsellers
515,15,SE-M236,LL Mountain Seat/Saddle,LL Mountain Seat/Saddle 2,Synthetic leather. Features gel for increased comfort.,,0,0,12.0413,27.12,0.0,0.0,0.0,0.0,,,,0.0,0.0,,,0,High_Performance_Bestsellers
516,15,SE-M798,ML Mountain Seat/Saddle,ML Mountain Seat/Saddle 2,Designed to absorb shock.,,0,0,17.3782,39.14,0.0,0.0,0.0,0.0,,,,0.0,0.0,,,0,High_Performance_Bestsellers
517,15,SE-M940,HL Mountain Seat/Saddle,HL Mountain Seat/Saddle 2,Anatomic design for a full-day of riding in comfort. Durable leather.,,0,0,23.3722,52.64,0.0,0.0,0.0,0.0,,,,0.0,0.0,,,0,High_Performance_Bestsellers
518,15,SE-R581,LL Road Seat/Saddle,LL Road Seat/Saddle 1,Lightweight foam-padded saddle.,,0,0,12.0413,27.12,0.0,0.0,0.0,0.0,,,,0.0,0.0,,,0,High_Performance_Bestsellers
519,15,SE-R908,ML Road Seat/Saddle,ML Road Seat/Saddle 2,Rubber bumpers absorb bumps.,,0,0,17.3782,39.14,0.0,0.0,0.0,0.0,,,,0.0,0.0,,,0,High_Performance_Bestsellers
520,15,SE-R995,HL Road Seat/Saddle,HL Road Seat/Saddle 2,Lightweight kevlar racing saddle. Leather.,,0,0,23.3722,52.64,0.0,0.0,0.0,0.0,,,,0.0,0.0,,,0,High_Performance_Bestsellers
521,15,SE-T312,LL Touring Seat/Saddle,LL Touring Seat/Saddle,"Comfortable, ergonomically shaped gel saddle.",,0,0,12.0413,27.12,0.0,0.0,0.0,0.0,,,,0.0,0.0,,,0,High_Performance_Bestsellers
522,15,SE-T762,ML Touring Seat/Saddle,ML Touring Seat/Saddle,New design relieves pressure for long rides.,,0,0,17.3782,39.14,0.0,0.0,0.0,0.0,,,,0.0,0.0,,,0,High_Performance_Bestsellers
523,15,SE-T924,HL Touring Seat/Saddle,HL Touring Seat/Saddle,Cut-out shell for a more comfortable ride.,,0,0,23.3722,52.64,0.0,0.0,0.0,0.0,,,,0.0,0.0,,,0,High_Performance_Bestsellers
524,12,FR-M21S-42,"LL Mountain Frame - Silver, 42",LL Mountain Frame,"Our best value utilizing the same, ground-breaking frame technology as the ML aluminum frame.",Silver,42,U,144.5938,264.05,0.0,0.0,0.0,0.0,,,,0.0,0.0,,,0,High_Performance_Bestsellers
525,12,FR-M21S-44,"LL Mountain Frame - Silver, 44",LL Mountain Frame,"Our best value utilizing the same, ground-breaking frame technology as the ML aluminum frame.",Silver,44,U,144.5938,264.05,0.0,0.0,0.0,0.0,,,,0.0,0.0,,,0,High_Performance_Bestsellers
526,12,FR-M21S-48,"LL Mountain Frame - Silver, 48",LL Mountain Frame,"Our best value utilizing the same, ground-breaking frame technology as the ML aluminum frame.",Silver,48,U,144.5938,264.05,0.0,0.0,0.0,0.0,,,,0.0,0.0,,,0,High_Performance_Bestsellers
527,12,FR-M21S-52,"LL Mountain Frame - Silver, 52",LL Mountain Frame,"Our best value utilizing the same, ground-breaking frame technology as the ML aluminum frame.",Silver,52,U,144.5938,264.05,0.0,0.0,0.0,0.0,,,,0.0,0.0,,,0,High_Performance_Bestsellers
531,12,FR-M21B-42,"LL Mountain Frame - Black, 42",LL Mountain Frame,"Our best value utilizing the same, ground-breaking frame technology as the ML aluminum frame.",Black,42,U,136.785,249.79,0.0,0.0,0.0,0.0,,,,0.0,0.0,,,0,High_Performance_Bestsellers
532,12,FR-M21B-44,"LL Mountain Frame - Black, 44",LL Mountain Frame,"Our best value utilizing the same, ground-breaking frame technology as the ML aluminum frame.",Black,44,U,136.785,249.79,0.0,0.0,0.0,0.0,,,,0.0,0.0,,,0,High_Performance_Bestsellers
533,12,FR-M21B-48,"LL Mountain Frame - Black, 48",LL Mountain Frame,"Our best value utilizing the same, ground-breaking frame technology as the ML aluminum frame.",Black,48,U,136.785,249.79,0.0,0.0,0.0,0.0,,,,0.0,0.0,,,0,High_Performance_Bestsellers
534,12,FR-M21B-52,"LL Mountain Frame - Black, 52",LL Mountain Frame,"Our best value utilizing the same, ground-breaking frame technology as the ML aluminum frame.",Black,52,U,136.785,249.79,0.0,0.0,0.0,0.0,,,,0.0,0.0,,,0,High_Performance_Bestsellers
542,13,PD-M282,LL Mountain Pedal,LL Mountain Pedal,Expanded platform so you can ride in any shoes; great for all-around riding.,Silver/Black,0,0,17.9776,40.49,0.0,0.0,0.0,0.0,,,,0.0,0.0,,,0,High_Performance_Bestsellers
543,13,PD-M340,ML Mountain Pedal,ML Mountain Pedal,"Lightweight, durable, clipless pedal with adjustable tension.",Silver/Black,0,0,27.568,62.09,0.0,0.0,0.0,0.0,,,,0.0,0.0,,,0,High_Performance_Bestsellers
544,13,PD-M562,HL Mountain Pedal,HL Mountain Pedal,Stainless steel; designed to shed mud easily.,Silver/Black,0,0,35.9596,80.99,0.0,0.0,0.0,0.0,,,,0.0,0.0,,,0,High_Performance_Bestsellers
545,13,PD-R347,LL Road Pedal,LL Road Pedal,Clipless pedals - aluminum.,Silver/Black,0,0,17.9776,40.49,0.0,0.0,0.0,0.0,,,,0.0,0.0,,,0,High_Performance_Bestsellers
546,13,PD-R563,ML Road Pedal,ML Road Pedal,Lightweight aluminum alloy construction.,Silver/Black,0,0,27.568,62.09,0.0,0.0,0.0,0.0,,,,0.0,0.0,,,0,High_Performance_Bestsellers
547,13,PD-R853,HL Road Pedal,HL Road Pedal,Top-of-the-line clipless pedals with adjustable tension.,Silver/Black,0,0,35.9596,80.99,0.0,0.0,0.0,0.0,,,,0.0,0.0,,,0,High_Performance_Bestsellers
548,13,PD-T852,Touring Pedal,Touring Pedal,A stable pedal for all-day riding.,Silver/Black,0,0,35.9596,80.99,0.0,0.0,0.0,0.0,,,,0.0,0.0,,,0,High_Performance_Bestsellers
549,12,FR-M63S-38,"ML Mountain Frame-W - Silver, 38",ML Mountain Frame-W,The ML frame is a heat-treated aluminum frame made with the same detail and quality as our HL frame. It offers superior performance. Men's version.,Silver,38,W,199.3757,364.09,0.0,0.0,0.0,0.0,,,,0.0,0.0,,,0,High_Performance_Bestsellers
550,12,FR-M21B-40,"LL Mountain Frame - Black, 40",LL Mountain Frame,"Our best value utilizing the same, ground-breaking frame technology as the ML aluminum frame.",Black,40,U,136.785,249.79,0.0,0.0,0.0,0.0,,,,0.0,0.0,,,0,High_Performance_Bestsellers
551,12,FR-M21S-40,"LL Mountain Frame - Silver, 40",LL Mountain Frame,"Our best value utilizing the same, ground-breaking frame technology as the ML aluminum frame.",Silver,40,U,144.5938,264.05,0.0,0.0,0.0,0.0,,,,0.0,0.0,,,0,High_Performance_Bestsellers
552,9,FD-2342,Front Derailleur,Front Derailleur,Wide-link design.,Silver,0,0,40.6216,91.49,0.0,0.0,0.0,0.0,,,,0.0,0.0,,,0,High_Performance_Bestsellers
553,4,HB-T721,LL Touring Handlebars,LL Touring Handlebars,Unique shape reduces fatigue for entry level riders.,,0,0,20.464,46.09,0.0,0.0,0.0,0.0,,,,0.0,0.0,,,0,High_Performance_Bestsellers
554,4,HB-T928,HL Touring Handlebars,HL Touring Handlebars,A light yet stiff aluminum bar for long distance riding.,,0,0,40.6571,91.57,0.0,0.0,0.0,0.0,,,,0.0,0.0,,,0,High_Performance_Bestsellers
555,6,FB-9873,Front Brakes,Front Brakes,All-weather brake pads; provides superior stopping by applying more surface to the rim.,Silver,0,0,47.286,106.5,0.0,0.0,0.0,0.0,,,,0.0,0.0,,,0,High_Performance_Bestsellers
556,8,CS-4759,LL Crankset,LL Crankset,Super rigid spindle.,Black,0,0,77.9176,175.49,0.0,0.0,0.0,0.0,,,,0.0,0.0,,,0,High_Performance_Bestsellers
557,8,CS-6583,ML Crankset,ML Crankset,High-strength crank arm.,Black,0,0,113.8816,256.49,0.0,0.0,0.0,0.0,,,,0.0,0.0,,,0,High_Performance_Bestsellers
558,8,CS-9183,HL Crankset,HL Crankset,Triple crankset; alumunim crank arm; flawless shifting.,Black,0,0,179.8156,404.99,0.0,0.0,0.0,0.0,,,,0.0,0.0,,,0,High_Performance_Bestsellers
559,7,CH-0234,Chain,Chain,Superior shifting performance.,Silver,0,0,8.9866,20.24,0.0,0.0,0.0,0.0,,,,0.0,0.0,,,0,High_Performance_Bestsellers
565,3,BK-T18U-54,"Touring-3000 Blue, 54",Touring-3000,"All-occasion value bike with our basic comfort and safety features. Offers wider, more stable tires for a ride around town or weekend trip.",Blue,54,U,461.4448,742.35,25982.25,35.0,9831.682,35.0,2022-01-02,2022-06-19,32.0,0.37839994611706074,742.35,180.0,0.19444444444444445,1,Premium_High_Margin
566,3,BK-T18U-58,"Touring-3000 Blue, 58",Touring-3000,"All-occasion value bike with our basic comfort and safety features. Offers wider, more stable tires for a ride around town or weekend trip.",Blue,58,U,461.4448,742.35,23755.2,32.0,8988.966400000001,32.0,2022-01-01,2022-06-29,30.0,0.37839994611706074,742.35,181.0,0.17679558011049723,1,Premium_High_Margin
567,3,BK-T18U-62,"Touring-3000 Blue, 62",Touring-3000,"All-occasion value bike with our basic comfort and safety features. Offers wider, more stable tires for a ride around town or weekend trip.",Blue,62,U,461.4448,742.35,31178.7,42.0,11798.0184,42.0,2022-01-06,2022-06-25,38.0,0.3783999461170607,742.35,176.0,0.23863636363636365,1,Premium_High_Margin
568,3,BK-T18Y-44,"Touring-3000 Yellow, 44",Touring-3000,"All-occasion value bike with our basic comfort and safety features. Offers wider, more stable tires for a ride around town or weekend trip.",Yellow,44,U,461.4448,742.35,27466.95,37.0,10393.492400000001,37.0,2022-01-06,2022-06-30,31.0,0.37839994611706074,742.35,176.0,0.21022727272727273,1,Premium_High_Margin
569,3,BK-T18Y-50,"Touring-3000 Yellow, 50",Touring-3000,"All-occasion value bike with our basic comfort and safety features. Offers wider, more stable tires for a ride around town or weekend trip.",Yellow,50,U,461.4448,742.35,24497.55,33.0,9269.8716,33.0,2022-01-04,2022-06-29,29.0,0.37839994611706074,742.35,178.0,0.1853932584269663,1,Premium_High_Margin
570,3,BK-T18Y-54,"Touring-3000 Yellow, 54",Touring-3000,"All-occasion value bike with our basic comfort and safety features. Offers wider, more stable tires for a ride around town or weekend trip.",Yellow,54,U,461.4448,742.35,18558.75,25.0,7022.630000000001,25.0,2022-01-02,2022-06-11,24.0,0.37839994611706074,742.35,180.0,0.1388888888888889,3,Low_Performance
571,3,BK-T18Y-58,"Touring-3000 Yellow, 58",Touring-3000,"All-occasion value bike with our basic comfort and safety features. Offers wider, more stable tires for a ride around town or weekend trip.",Yellow,58,U,461.4448,742.35,22270.5,30.0,8427.156,30.0,2022-01-08,2022-06-29,29.0,0.37839994611706074,742.35,174.0,0.1724137931034483,1,Premium_High_Margin
572,3,BK-T18Y-62,"Touring-3000 Yellow, 62",Touring-3000,"All-occasion value bike with our basic comfort and safety features. Offers wider, more stable tires for a ride around town or weekend trip.",Yellow,62,U,461.4448,742.35,22270.5,30.0,8427.156,30.0,2022-01-10,2022-06-26,26.0,0.37839994611706074,742.35,172.0,0.1744186046511628,1,Premium_High_Margin
585,3,BK-T18U-44,"Touring-3000 Blue, 44",Touring-3000,"All-occasion value bike with our basic comfort and safety features. Offers wider, more stable tires for a ride around town or weekend trip.",Blue,44,U,461.4448,742.35,22270.5,30.0,8427.156,30.0,2022-01-04,2022-06-30,28.0,0.37839994611706074,742.35,178.0,0.16853932584269662,1,Premium_High_Margin
586,3,BK-T18U-50,"Touring-3000 Blue, 50",Touring-3000,"All-occasion value bike with our basic comfort and safety features. Offers wider, more stable tires for a ride around town or weekend trip.",Blue,50,U,461.4448,742.35,16331.7,22.0,6179.914400000001,22.0,2022-01-08,2022-06-25,19.0,0.3783999461170607,742.35,174.0,0.12643678160919541,3,Low_Performance
591,1,BK-M18S-40,"Mountain-500 Silver, 40",Mountain-500,"Suitable for any type of riding, on or off-road. Fits any budget. Smooth-shifting with a comfortable ride.",Silver,40,U,308.2179,564.99,16949.7,30.0,7703.1630000000005,30.0,2022-01-18,2022-06-28,27.0,0.45447193755641696,564.99,164.0,0.18292682926829268,3,Low_Performance
592,1,BK-M18S-42,"Mountain-500 Silver, 42",Mountain-500,"Suitable for any type of riding, on or off-road. Fits any budget. Smooth-shifting with a comfortable ride.",Silver,42,U,308.2179,564.99,15254.73,27.0,6932.846700000001,27.0,2022-01-18,2022-06-29,26.0,0.454471937556417,564.99,164.0,0.16463414634146342,3,Low_Performance
593,1,BK-M18S-44,"Mountain-500 Silver, 44",Mountain-500,"Suitable for any type of riding, on or off-road. Fits any budget. Smooth-shifting with a comfortable ride.",Silver,44,U,308.2179,564.99,11864.79,21.0,5392.2141,21.0,2022-01-15,2022-06-27,21.0,0.4544719375564169,564.99,167.0,0.12574850299401197,3,Low_Performance
594,1,BK-M18S-48,"Mountain-500 Silver, 48",Mountain-500,"Suitable for any type of riding, on or off-road. Fits any budget. Smooth-shifting with a comfortable ride.",Silver,48,U,308.2179,564.99,15819.720000000001,28.0,7189.6188,28.0,2022-01-01,2022-06-29,26.0,0.4544719375564169,564.99,181.0,0.15469613259668508,3,Low_Performance
595,1,BK-M18S-52,"Mountain-500 Silver, 52",Mountain-500,"Suitable for any type of riding, on or off-road. Fits any budget. Smooth-shifting with a comfortable ride.",Silver,52,U,308.2179,564.99,14689.74,26.0,6676.074600000001,26.0,2022-01-11,2022-06-27,25.0,0.454471937556417,564.99,171.0,0.15204678362573099,3,Low_Performance
596,1,BK-M18B-40,"Mountain-500 Black, 40",Mountain-500,"Suitable for any type of riding, on or off-road. Fits any budget. Smooth-shifting with a comfortable ride.",Black,40,U,294.5797,539.99,13499.75,25.0,6135.2575,25.0,2022-01-09,2022-06-15,24.0,0.45447193466545677,539.99,173.0,0.14450867052023122,3,Low_Performance
597,1,BK-M18B-42,"Mountain-500 Black, 42",Mountain-500,"Suitable for any type of riding, on or off-road. Fits any budget. Smooth-shifting with a comfortable ride.",Black,42,U,294.5797,539.99,14579.73,27.0,6626.078100000001,27.0,2022-01-04,2022-06-27,25.0,0.4544719346654568,539.99,178.0,0.15168539325842698,3,Low_Performance
598,1,BK-M18B-44,"Mountain-500 Black, 44",Mountain-500,"Suitable for any type of riding, on or off-road. Fits any budget. Smooth-shifting with a comfortable ride.",Black,44,U,294.5797,539.99,17279.68,32.0,7853.1296,32.0,2022-01-04,2022-06-27,28.0,0.45447193466545677,539.99,178.0,0.1797752808988764,3,Low_Performance
599,1,BK-M18B-48,"Mountain-500 Black, 48",Mountain-500,"Suitable for any type of riding, on or off-road. Fits any budget. Smooth-shifting with a comfortable ride.",Black,48,U,294.5797,539.99,19979.63,37.0,9080.1811,37.0,2022-01-11,2022-06-28,37.0,0.4544719346654567,539.99,171.0,0.21637426900584794,1,Premium_High_Margin
600,1,BK-M18B-52,"Mountain-500 Black, 52",Mountain-500,"Suitable for any type of riding, on or off-road. Fits any budget. Smooth-shifting with a comfortable ride.",Black,52,U,294.5797,539.99,15119.720000000001,28.0,6871.4884,28.0,2022-01-15,2022-06-26,27.0,0.45447193466545677,539.99,167.0,0.16766467065868262,3,Low_Performance
601,5,BB-7421,LL Bottom Bracket,LL Bottom Bracket,Chromoly steel.,,0,0,23.9716,53.99,0.0,0.0,0.0,0.0,,,,0.0,0.0,,,0,High_Performance_Bestsellers
602,5,BB-8107,ML Bottom Bracket,ML Bottom Bracket,Aluminum alloy cups; large diameter spindle.,,0,0,44.9506,101.24,0.0,0.0,0.0,0.0,,,,0.0,0.0,,,0,High_Performance_Bestsellers
603,5,BB-9108,HL Bottom Bracket,HL Bottom Bracket,Aluminum alloy cups and a hollow axle.,,0,0,53.9416,121.49,0.0,0.0,0.0,0.0,,,,0.0,0.0,,,0,High_Performance_Bestsellers
